{
    "accuracy": 0.6428571428571429,
    "precision": 0.6666666666666666,
    "recall": 0.5714285714285714,
    "f1": 0.6153846153846154,
    "roc_auc": 0.7538265306122449
}