{
    "accuracy": 0.7678571428571429,
    "precision": 0.8,
    "recall": 0.7142857142857143,
    "f1": 0.7547169811320755,
    "roc_auc": 0.7920918367346939
}