{
    "accuracy": 0.6785714285714286,
    "precision": 0.6785714285714286,
    "recall": 0.6785714285714286,
    "f1": 0.6785714285714286,
    "roc_auc": 0.7538265306122448
}